,Accuracy,F1 Score,ROC-AUC
Logistic Regression,0.9049788998768958,0.9116007617027814,0.9900982834204124
Random Forest,0.936414449561419,0.938986293500259,0.9859758390601214
XGBoost,0.9368578994381463,0.9394430491614763,0.9868335599297959
CatBoost,0.9370303587426025,0.9395437190040635,0.96801671330395
Stacking Ensemble,0.9373136509304608,0.9397053093467459,0.9949417287335734
