Model,Accuracy,Precision,Recall,F1 Score,ROC-AUC
Logistic Regression,0.9054122719223959,0.8527410106639516,0.9800757552428171,0.9119850992191417,0.905411122262946
Random Forest,0.9421048579567326,0.9077971878994461,0.9841714655252055,0.9444428026832944,0.9421042102201045
XGBoost,0.9397952113326661,0.9060820609059115,0.981307547808949,0.9421956772419503,0.9397945721306387
CatBoost,0.9402879359458003,0.906259767567414,0.9821698026052412,0.9426890905329116,0.9402872910537907
Stacking Ensemble,0.9404111170990839,0.9081361833281014,0.9799525759862039,0.942678555558847,0.9404105082443954
