,Accuracy,F1 Score,ROC-AUC
Logistic Regression,0.9041554566706933,0.9116356532820358,0.9778403884692223
Random Forest,0.9272482733744418,0.9300956702089922,0.9493714353506961
XGBoost,0.9274576618004232,0.930347507834963,0.9510860084604624
CatBoost,0.9278640960782256,0.9307748733097903,0.9511692175749789
Stacking Ensemble,0.9273468061598502,0.9300050034212782,0.9838415614784634
