Model,Accuracy,Precision,Recall,F1 Score,ROC-AUC
Logistic Regression,0.9041490262489416,0.8452938391119061,0.9893774247182708,0.9116779208988254,0.9041477141142237
Random Forest,0.9328920021553383,0.8996333248060032,0.9745058193238499,0.9355739812885204,0.932891361489372
XGBoost,0.9306750827495959,0.8968648035182295,0.973274216392635,0.9335085569156711,0.9306744269141793
CatBoost,0.9306135016549919,0.8973943681982213,0.9724120943407846,0.9333983538000029,0.9306128581443123
Stacking Ensemble,0.9308444307597568,0.8994348024663165,0.9701644189913172,0.9334617093763887,0.9308438254084584
