Model,Train Accuracy,Test Accuracy,Precision,Recall,F1 Score,Runtime (s)
Logistic_Regression,0.916904,0.918658,0.612870,1.000000,0.759975,0.038674
Random_Forest,1.000000,1.000000,1.000000,1.000000,1.000000,0.368630
XGBoost,0.999663,0.999499,1.000000,0.996111,0.998052,0.101069
CatBoost,1.000000,1.000000,1.000000,1.000000,1.000000,3.508223
Stacking_Ensemble,0.999939,1.000000,1.000000,1.000000,1.000000,2.349248
,,,,,,