Model,Accuracy,Precision,Recall,F1 Score,ROC-AUC
Logistic Regression,0.9059203941796905,0.854027341336986,0.9792135004465248,0.9123461395001865,0.9059192656211437
Random Forest,0.986249903764724,0.9945812190690972,0.9778277338096265,0.9861333250516312,0.9862500334482968
XGBoost,0.9836630995457695,0.9922893681043129,0.9749022264650633,0.9835189586342948,0.9836632344446529
CatBoost,0.9823850950804527,0.9912195427890496,0.9733932805715517,0.982225536807433,0.9823852335353448
Stacking Ensemble,0.9850488875202094,0.9926190029398887,0.977365811597327,0.9849333560910516,0.9850490058233001
