,Accuracy,F1 Score,ROC-AUC
Logistic Regression,0.9053255135888147,0.9125308978532229,0.9817074424249048
Random Forest,0.9289109957364499,0.9317229856136032,0.9555041165786582
XGBoost,0.9288740529573335,0.9316970307799961,0.9565965525233079
CatBoost,0.9293174300142523,0.9321309840497664,0.9565233561350663
Stacking Ensemble,0.929317439115327,0.9319423628921767,0.9884903349051166
