Model,Accuracy,Precision,Recall,F1 Score,ROC-AUC
Logistic Regression,0.9058117158032484,0.84908358936328,0.9870681692222427,0.9128911923000256,0.9058104648186529
Random Forest,0.9378338849973058,0.9051974696529321,0.9781082578976538,0.9402415201562777,0.9378332649527681
XGBoost,0.9336617658378877,0.9003666960402513,0.975244781082579,0.9363110986298535,0.933661125646133
CatBoost,0.9334924178277269,0.9007457588523283,0.9743518689574481,0.9361041266084899,0.9334917887756111
Stacking Ensemble,0.9353706412131476,0.9042309891366496,0.9738900178582425,0.9377686857007324,0.9353700481876734
