Model,Train Accuracy,Test Accuracy,Precision,Recall,F1 Score,Runtime (s)
Logistic_Regression,0.914929491,0.91981402,0.616227319,1,0.762550307,0.041339874
Random_Forest,0.99984672,0.999856938,1,0.998888889,0.999444136,0.571169853
XGBoost,0.999632128,0.999570815,1,0.996666667,0.998330551,0.136808872
CatBoost,0.99984672,0.999856938,1,0.998888889,0.999444136,3.81893301
Stacking_Ensemble,0.999816064,0.999856938,1,0.998888889,0.999444136,3.355491877