Model,Accuracy,Precision,Recall,F1 Score,ROC-AUC
Logistic Regression,0.9045412561576355,0.8447692267324395,0.9912253694581281,0.9121559405589947,0.9045412561576355
Random Forest,0.926539408866995,0.8916214382632293,0.9711206896551724,0.9296746050459798,0.9265394088669952
XGBoost,0.9201662561576355,0.8839034544840779,0.9673953201970443,0.923766684306462,0.9201662561576355
CatBoost,0.919689039408867,0.8816316246255494,0.9695504926108375,0.9235032771741521,0.9196890394088669
Stacking Ensemble,0.9235991379310344,0.8885155169005733,0.96875,0.9268996803794206,0.9235991379310344
