,Accuracy,F1 Score,ROC-AUC
Logistic Regression,0.9045566502463054,0.912139208942451,0.9503844548520956
Random Forest,0.9158990147783251,0.9197302467993481,0.9798198937125386
XGBoost,0.9157142857142857,0.9197918317215326,0.9806966075371883
CatBoost,0.9154926108374385,0.9194360397308289,0.9808395678128564
Stacking Ensemble,0.9168349753694581,0.9205281600149281,0.9781110892038146
