Model,Train Accuracy,Test Accuracy,Precision,Recall,F1 Score,Runtime (s)
Logistic_Regression,0.9173949038726888,0.917513235083703,0.6095496105655266,1.0,0.7574163686092994,0.03360295295715332
Random_Forest,1.0,1.0,1.0,1.0,1.0,0.3748958110809326
XGBoost,1.0,1.0,1.0,1.0,1.0,0.0924980640411377
CatBoost,1.0,1.0,1.0,1.0,1.0,4.042201280593872
Stacking_Ensemble,1.0,1.0,1.0,1.0,1.0,2.3532910346984863
